{"dividends_history": "{\"dividend\":{\"925358400000\":0.25279,\"933220800000\":0.25279,\"941083200000\":0.274772,\"949035600000\":0.274772,\"956894400000\":0.274772,\"964411200000\":0.286013,\"972882000000\":0.3,\"980485200000\":0.3,\"988603200000\":0.3,\"996638400000\":0.3,\"1004504400000\":0.15,\"1012194000000\":0.1,\"1020225600000\":0.1,\"1028088000000\":0.1,\"1035954000000\":0.1,\"1043816400000\":0.1,\"1051675200000\":0.1,\"1059537600000\":0.1,\"1067403600000\":0.1,\"1075266000000\":0.1,\"1083124800000\":0.1,\"1090987200000\":0.1,\"1098936000000\":0.1,\"1106715600000\":0.1,\"1114660800000\":0.1,\"1122609600000\":0.1,\"1130472000000\":0.1,\"1138251600000\":0.1,\"1146196800000\":0.1,\"1154318400000\":0.05,\"1327640400000\":0.05,\"1335758400000\":0.05,\"1343793600000\":0.05,\"1351656000000\":0.05,\"1359349200000\":0.1,\"1367380800000\":0.1,\"1375243200000\":0.1,\"1383105600000\":0.1,\"1390971600000\":0.125,\"1398830400000\":0.125,\"1406692800000\":0.125,\"1414555200000\":0.125,\"1422421200000\":0.15,\"1430280000000\":0.15,\"1438142400000\":0.15,\"1446004800000\":0.15,\"1453870800000\":0.4,\"1461729600000\":0.15,\"1469505600000\":0.15,\"1477368000000\":0.15,\"1484715600000\":0.2,\"1492488000000\":0.15,\"1500523200000\":0.15,\"1508472000000\":0.15,\"1517202000000\":0.28,\"1524110400000\":0.15,\"1532059200000\":0.15,\"1540180800000\":0.15,\"1548824400000\":0.15,\"1555992000000\":0.15,\"1563768000000\":0.15,\"1571630400000\":0.15,\"1580274000000\":0.15,\"1637211600000\":0.1,\"1643346000000\":0.1,\"1650859200000\":0.1,\"1660104000000\":0.15,\"1668402000000\":0.15,\"1676005200000\":0.8,\"1682395200000\":0.15,\"1690171200000\":0.15,\"1698724800000\":0.15,\"1707973200000\":0.33,\"1715054400000\":0.15,\"1723003200000\":0.15,\"1730955600000\":0.15,\"1739854800000\":0.3,\"1747022400000\":0.15,\"1754884800000\":0.15,\"1762491600000\":0.15}}"}