{"dividends_history": "{\"1353387600000\":0.001875,\"1361854800000\":0.001875,\"1369108800000\":0.001875,\"1376971200000\":0.001875,\"1384837200000\":0.002125,\"1393304400000\":0.002125,\"1400558400000\":0.002125,\"1408420800000\":0.002125,\"1416373200000\":0.002125,\"1424754000000\":0.002125,\"1432008000000\":0.00245,\"1439870400000\":0.00245,\"1447822800000\":0.002875,\"1456722000000\":0.002875,\"1464062400000\":0.002875,\"1471924800000\":0.002875,\"1479877200000\":0.0035,\"1487739600000\":0.0035,\"1495166400000\":0.0035,\"1503374400000\":0.0035,\"1511326800000\":0.00375,\"1519275600000\":0.00375,\"1527048000000\":0.00375,\"1535515200000\":0.00375,\"1543467600000\":0.004,\"1551330000000\":0.004,\"1559188800000\":0.004,\"1566964800000\":0.004,\"1574830800000\":0.004,\"1582779600000\":0.004,\"1591243200000\":0.004,\"1598932800000\":0.004,\"1606971600000\":0.004,\"1615266000000\":0.004,\"1623211200000\":0.004,\"1630382400000\":0.004,\"1638334800000\":0.004,\"1646197200000\":0.004,\"1654660800000\":0.004,\"1662523200000\":0.004,\"1669784400000\":0.004,\"1678165200000\":0.004,\"1686110400000\":0.004,\"1693972800000\":0.004,\"1701752400000\":0.004,\"1709614800000\":0.004,\"1718078400000\":0.01,\"1726113600000\":0.01,\"1733374800000\":0.01,\"1741752000000\":0.01,\"1749614400000\":0.01,\"1757563200000\":0.01}"}