{"dividends_history": "{\"dividend\":{\"388386000000\":0.0003,\"419058000000\":0.00137,\"450680400000\":0.00144,\"482734800000\":0.001295,\"514443600000\":0.00172,\"545889600000\":0.00207,\"577598400000\":0.00261,\"609134400000\":0.002315,\"640843200000\":0.00312,\"672033600000\":0.002545,\"704433600000\":0.003,\"735451200000\":0.0027,\"766987200000\":0.0028,\"767332800000\":0.0028,\"798696000000\":0.0042,\"830318400000\":0.0036,\"830923200000\":0.0043,\"861940800000\":0.00562,\"890974800000\":0.00804,\"922338000000\":0.0082,\"953874000000\":0.0117,\"974437200000\":0.0094,\"985150800000\":0.0159,\"1015995600000\":0.01845,\"1048654800000\":0.02615,\"1079499600000\":0.03725,\"1110430800000\":0.042,\"1141880400000\":0.0483,\"1173330000000\":0.0609,\"1205380800000\":0.0884,\"1237435200000\":0.1034,\"1269489600000\":0.1407,\"1300939200000\":0.1818,\"1332388800000\":0.2497,\"1363838400000\":0.3184,\"1395374400000\":0.415,\"1426737600000\":0.38,\"1458273600000\":0.482,\"1470888000000\":0.2235,\"1490241600000\":0.3315,\"1502942400000\":0.237,\"1521777600000\":0.335,\"1534478400000\":0.2335,\"1553227200000\":0.3945,\"1565928000000\":0.2245,\"1585281600000\":0.3935,\"1597377600000\":0.259,\"1616731200000\":0.4745,\"1629086400000\":0.2785,\"1648180800000\":0.518,\"1660276800000\":0.292,\"1679630400000\":0.5945,\"1692331200000\":0.442,\"1711080000000\":0.93,\"1723780800000\":0.513,\"1743393600000\":1.099,\"1755489600000\":0.584}}"}