{"dividends_history": "{\"dividend\":{\"764571600000\":0.00375,\"796366800000\":0.00375,\"828334800000\":0.001,\"859870800000\":0.00375,\"891234000000\":0.00375,\"922770000000\":0.001,\"954392400000\":0.00375,\"985842000000\":0.0075,\"1017205200000\":0.0075,\"1048827600000\":0.0075,\"1080622800000\":0.015,\"1112158800000\":0.015,\"1143694800000\":0.03,\"1175140800000\":0.03,\"1206936000000\":0.03,\"1238472000000\":0.03,\"1270094400000\":0.03,\"1275537600000\":0.125,\"1284091200000\":0.125,\"1291352400000\":0.125,\"1299128400000\":0.125,\"1307073600000\":0.163,\"1314936000000\":0.163,\"1323061200000\":0.163,\"1330578000000\":0.163,\"1339560000000\":0.213,\"1347422400000\":0.213,\"1354856400000\":0.213,\"1363147200000\":0.212,\"1371096000000\":0.28,\"1378872000000\":0.28,\"1386133200000\":0.28,\"1394596800000\":0.28,\"1402545600000\":0.375,\"1410321600000\":0.375,\"1417582800000\":0.375,\"1426046400000\":0.375,\"1433995200000\":0.5,\"1441771200000\":0.5,\"1449032400000\":0.5,\"1457499600000\":0.5,\"1465963200000\":0.625,\"1473220800000\":0.625,\"1480482000000\":0.625,\"1488949200000\":0.625,\"1497499200000\":0.75,\"1504756800000\":0.75,\"1512018000000\":0.75,\"1520485200000\":0.75,\"1529035200000\":0.9,\"1536206400000\":0.9,\"1543554000000\":0.9,\"1552021200000\":0.9,\"1560484800000\":1.08,\"1568347200000\":1.08,\"1575608400000\":1.08,\"1584072000000\":1.08,\"1592539200000\":1.25,\"1599796800000\":1.25,\"1607058000000\":1.25,\"1615525200000\":1.25,\"1623988800000\":1.45,\"1631246400000\":1.45,\"1638507600000\":1.45,\"1646974800000\":1.45,\"1655352000000\":1.65,\"1662696000000\":1.65,\"1669957200000\":1.65,\"1678424400000\":1.65,\"1686801600000\":1.88,\"1694145600000\":1.88,\"1701406800000\":1.88,\"1709874000000\":1.88,\"1718596800000\":2.1,\"1726459200000\":2.1,\"1733720400000\":2.1,\"1741579200000\":2.1,\"1750046400000\":2.21,\"1757908800000\":2.21,\"1765170000000\":2.21}}"}